106168370820281008848**aektagoenka@gmail.com**Ekta Agarwal
103865704796856640634**jaikumar10143@gmail.com**Jay Kumar
109375755149187293426**amritkaurm1@gmail.com**Amrit Kaur
113869448974798600059**raymond.gd36052@gmail.com**Raymond GD
109297344877312419113**akshayasingh519@gmail.com**Akshaya Singh
116453384805760229051**narayanbasant1702@gmail.com**Basant Narayan
105296133831147122427**arfathahmed2002@gmail.com**Arfath Ahmed
102727136573305537384**ashutoshsingh3011@gmail.com**ashutosh singh
101812238626114147426**anshulsingh9670@gmail.com**Anshul Singh
111097322564731073500**vivekreddy531@gmail.com**Vivek Reddy
117028178248308451222**kaushalcse20@gmail.com**Kaushal Yadav
101004685331759797826**mohanaditya137@gmail.com**Aditya M
112032890890902485447**himanshu44cse20@gmail.com**Himanshu ENG20CS0115
106740722600995590592**nabil.irshad786@gmail.com**NABIL IRSHAD _ENG20DS0049
112693806511435266482**fahadurrahman135@gmail.com**Fahad Ur Rahman
118195961182509072355**ayushkr.cse20@gmail.com**Ayush kumar
116163856744556265894**abhishekmahawar169@gmail.com**Abhishek
102444774616238288454**atharvamahajan17@gmail.com**Atharva Mahajan
106190260249225410197**ishakini16@gmail.com**Isha M ENG20CS0120
113585561475558191766**akulajahnavi08@gmail.com**Jahnavi ENG20CS0099
100944041182625260784**divyanshkedia420@gmail.com**Divyanshu Kedia CSE
110746711325981029489**aditinavale303@gmail.com**Aditi Navale
101639778504969097110**gunturlohithsai0117@gmail.com**Guntur Lohith Sai
109698859550477349673**akshayagadiraju.cse20@gmail.com**Akshaya G
100649543463710348977**bhaskar.cse20@gmail.com**Bhaskar ENG20CS0058
102161508227940611963**dhanushe.cse20@gmail.com**Dhanush E ENG20CS0090
108720869387654517327**ikshwakv@gmail.com**Ikshwak Varma
113615119773979848724**hemanthreddymulamreddy123@gmail.com**ENG20CS0213 _M.Hemanth Reddy
117181691534066475136**mishika24.jain@gmail.com**Mishika Jain
106044258723601509861**mjjerushanaomi2014@gmail.com**Jerusha Naomi
105785639084952798290**ndalai58@gmail.com**Nainesh Dalai
116854404150908394435**yashrai2k17@gmail.com**Yash Rai
114338760030352561500**gdeep268516@gmail.com**Gagan Deep. ENG20CS0101
102246087597727961512**kjlikith@gmail.com**Likith K
111249968083735744621**manju.josh28@gmail.com**Manju Josh
105018557605914585720**janmithagowdafeb10@gmail.com**Janmitha Gowda
108684693828397214862**khushiperiwal123@gmail.com**Khushi Periwal_ENG20CS0155
116567405683626505547**narayanuday5501@gmail.com**uday narayan
116712102460896782044**anchalsingh1373@gmail.com**Anchal Singh
100305458731778042105**manvisingh2172@gmail.com**Manvi Singh
109474767520148132967**lohith.j2802@gmail.com**Lohith Kumar
114237777036385106870**sphrithika2001@gmail.com**Hrithika.ENG20CS0303
113583108843514915792**gauravkamath.cse20@gmail.com**Gaurav ENG20AM0023
117165498338075178770**deeshaas270702@gmail.com**Deesha A S
100841254428710931894**viswamberprasad21@gmail.com**Viswamber Prasad
112984290889614423398**amandevaiah@gmail.com**K J Devaiah_ENG20CS0136
116737723439458209366**ankkyprasad@gmail.com**Ankit Prasad
107561476941516001225**neerajrainaraina@gmail.com**Neeraj ENG20CS0301
111120343452247786214**hiteshinirithika@gmail.com**Hiteshini M
112016947136748623417**ashmitaneogcse20@gmail.com**Ashmita ENG20CS0043 Neog
109389731071019996582**kkushalreddyhg@gmail.com**Kushal Reddy H G
103853192447705265925**adityasarwade7@gmail.com**Aditya Sarwade
116467836120376383066**divyanshukedia01@gmail.com**Divyanshu Kedia
111500540317164435229**awantikagupta.cse20@gmail.com**Awantika Kumari Gupta
112100238280675956209**devishcomp2012@gmail.com**Devish Cheruku
116506648988686100620**reddyrajasekhar454@gmail.com**Rajasekhar Reddy
115236837119009640241**dishanthirpara348@gmail.com**Dishant
118193616626580691074**aryanms005@gmail.com**Aryanjeet singh
103179098491128028427**susmitha.mk24@gmail.com**Mk.susmitha
110316479281185902990**dmsahana@gmail.com**Sahana D M
117424243701386702057**manjunathmuniraju241@gmail.com**Manjunath M ENG20CS0190
105385542175717598574**vaibhaviakshitareddy@gmail.com**vaibhavi t
112990800725211465561**ayushpaul1111@gmail.com**Ayush Paul
116129146314088291621**tharuns.cse20@gmail.com**Tharun ENG20AM0056
111840322035194127912**gaurav.cse20@gmail.com**Gaurav.ENG20CS0103
112233790169049167919**amoghmcheluvaraj@gmail.com**Amogh M C
