118237233114917903627**eng19cs0256.rithvikrangaraj@gmail.com**ENG19CS0256 Rithvik Rangaraj
100932106498135800918**eng19cs0288.sauravkumar@gmail.com**ENG19CS0288 Saurav Kumar
100484094851709013020**eng19cs0277.sailakshmisridhar@gmail.com**ENG19CS0277 Sai Lakshmi
103891676886555157485**sharathhneng19cs0293@gmail.com**SHARATH H.N ENG19CS0293
103003072298449948267**eng19cs0246.rajani@gmail.com**ENG19CS0246 RAJANI
113551331772512862776**eng19cs0247.rakeshk@gmail.com**ENG19CS0247 Rakesh kamble
112720525947158706558**eng19cs0273.sagarmetri@gmail.com**ENG19CS0273 Sagar Metri
116883109445053065054**eng19cs0293sharathhn@gmail.com**ENG19CS0293 Sharath H.N
108450455695905549139**eng19cs0271.sachin@gmail.com**ENG19CS0271 SACHIN
111467345642535116743**eng19cs0283.sanjana@gmail.com**ENG19CS0283 SANJANA K A
104416789652657801425**eng19cs0253.ravikumark@gmail.com**ENG19CS0253 Ravikumar K
109925653902448482168**eng19cs0258.riyamaryjoseph@gmail.com**ENG19CS0258 Riya Mary Joseph
115123211937756572953**eng19cs0260dev@gmail.com**ENG19CS0260 Rohan kumar dev
115499949457082899185**eng19cs0279.sameerpashaj@gmail.com**ENG19CS0279 Sameer Pasha J
103429337003109423984**eng19cs0275sahanap@gmail.com**ENG19CS0275 Sahana.P
104812317521382342008**eng19cs0276.sahanas@gmail.com**ENG19CS0276 SAHANA S
107763047908023836387**sm.rohith35@gmail.com**S.Rohith Royal
116110368595231818272**eng19cs0284.sankalpkumar@gmail.com**ENG19CS0284 Sankalp Kumar
101118202187459537907**eng19cs0243.rahulkumar@gmail.com**ENG19CS0243 RAHUL KUMAR
100564041792610721260**shivanshchandra2@gmail.com**Shivansh Chandra
116078967461738982367**eng19cs0272.masagar@gmail.com**ENG19CS0272 Sagar M A
118324153300850313503**eng19cs0291.shaktisidheswar@gmail.com**ENG19CS0291 Shakti Sidheswar Mishra
102461207603699412591**eng19cs0240.rsraksha@gmail.com**ENG19CS0240 R S RAKSHA
117633877491645689564**eng19cs0285.sanyamsinghvirat@gmail.com**ENG19CS0285. Sanyam singh virat
105975569561959128681**eng19cs0245.rahulv@gmail.com**ENG19CS0245 Rahul V
105676237137937701250**eng19cs0251.raviranjan@gmail.com**ENG19CS0251 RAVI RANJAN
104455702537361543767**eng19cs0280sanchitkhatar@gmail.com**ENG19CS0280 sanchit.khatar
116575244304855486273**eng19cs0287.sathvikapatil@gmail.com**ENG19CS0287 SATHVIKA PATIL
118002131007113905887**eng19cs0241.siresha@gmail.com**ENG19CS0241 SIRESHA
101531912353609577272**eng19cs0268.smmahonya@gmail.com**ENG19CS0268 S M MAHONYA
100692065578550072796**eng19cs0298.shivamkumar@gmail.com**ENG19CS0298 ShivamKumar
101728208468271484928**eng19cs0282.sandeshbalan@gmail.com**ENG19CS0282 Sandesh Balan
106725931878761330038**eng19cs0267.sjaganath@gmail.com**ENG19CS0267 S.jaganath
112023422991681925772**eng19cs0259.rohancarlo@gmail.com**ENG19CS0259 Rohan Carlo
105947620304754626373**eng19cs0270.sabeehatabassum@gmail.com**ENG19CS0270 Sabeeha Tabassum
115687788126450012654**eng19cs0249.rakshitha.v@gmail.com**ENG19CS0249 RAKSHITHA V
106953010928696613407**eng19cs0269.spchitrashree@gmail.com**ENG19CS0269 S P Chitra Shree
114728867542762756393**eng19cs0264.ruchithbm@gmail.com**ENG19CS0264 RUCHITHBM
108984566182492387632**eng19cs0266.schandru@gmail.com**ENG19CS0266 S.CHANDRU
101838844125303053028**eng19cs0250priyakumari@gmail.com**Priya Kumari
104905050717660592494**eng19cs0252.ravikeerthishetty@gmail.com**ENG19CS0252 Ravikeerthi shetty
104285229972739947523**eng19cs0274.sagarsm@gmail.com**ENG19CS0274 Sagar Sm
117175179064862772775**eng19cs0292.shanellefernandes@gmail.com**ENG19CS0292 Shanelle Fernandes
107827573082403581637**eng19cs0254.ajithkumar@gmail.com**ENG19CS0254 Ajith Kumar
109220703927012958616**eng19cs0248.rakshithamg@gmail.com**ENG19CS0248 RAKSHITHA MG
101693854410294248748**eng19cs0265.rupamshil@gmail.com**ENG19CS0265 RUPAMSHIL
115877480505983606519**eng19cs0278.sakinabathool@gmail.com**ENG19CS0278 Sakina Bathool
106377422417224932251**eng19cs0294.shaswatsahu@gmail.com**ENG19CS0294 SHASWAT SAHU
109849766225692571023**eng19cs0281.sanchithang@gmail.com**ENG19CS0281 SANCHITHA. N. G
116638917122988050162**eng19cs0257ritikagm@gmail.com**ENG19CS0257 Ritika G M
102207950110706795209**eng19cs0300.shraavyabk@gmail.com**ENG19CS0300 Shraavya B K
