101592654450465733792**yashmishraeng18cs0326@gmail.com**ENG18CS0326 -YASH MISHRA
112343999041771221512**hemanthkumar882001@gmail.com**Hemanth Kumar S ENG19CS0120
114660277821127153337**hithesh9591@gmail.com**Hithesh Kumar N
103386442944498657284**sumanthr678@gmail.com**ENG19CS0138- Sumanth Reddy
101068412619634895551**eng19cs0314.sohansomaya@gmail.com**ENG19CS0314 Sohan Somaya
112164367088808885953**tanmaysharma231@gmail.com**Tanmay sharma
105681230831089626931**eng19cs0035.anjali@gmail.com**ENG19CS0035 - ANJALI SHARMA
118425277610365400691**tenzchoedon11@gmail.com**Tenzin Choedon
105216557532074533698**eng19cs0236.puchalapallisathvic@gmail.com**ENG19CS0236 Puchalapalli Sathvic
106799885383089367089**eng19cs0370.yaswanth@gmail.com**ENG19CS0370 Yaswanth
109748177295627681192**suppu5611@gmail.com**ENG19CS0153 Supraja.T
103229843421049753394**eng19ct0006.apeksha@gmail.com**ENG19CT0006 APEKSHA PRABHU
104186855552275732282**eng19cs0101.govardhan@gmail.com**ENG19CS0101_Govardhan
116335519536048232323**eng19ct0043.syedsuhail@gmail.com**ENG19CT0043 - SYED SUHAIL SALAHA
106354503103321093881**eng19ct0034.saumya@gmail.com**ENG19CT0034-SAUMYA ANAND
110927209145478051462**eng19cs0097gauravrai@gmail.com**ENG19CS0097_Gaurav Rai
112084125034122709023**eng19cs0365.vivekkumarmishra@gmail.com**ENG19CS0365 - VIVEK KUMAR MISHRA
117175179064862772775**eng19cs0292.shanellefernandes@gmail.com**ENG19CS0292 Shanelle Fernandes
115881755038021651580**eng19ct0035.sayantan@gmail.com**ENG19CT0035 Sayantan
109932835681238899821**eng19ct0018.chandarakumar@gmail.com**ENG19CT0018 M CHANDARA KUMAR
115516689453756771093**poppunith2001@gmail.com**Punith Gowda
112410938850627804453**eng19ct0036.shambhavi@gmail.com**ENG19CT0036 SHAMBHAVI
102915951930760895864**shravanibs2001@gmail.com**Shravani B S
117863550242186311562**kushaltalikoti01@gmail.com**ENG19CS0151 KUSHAL A
118393667004726637903**maayankpipara@gmail.com**Mayank Jain
105941841038712171125**eng19ct0024.shivansh@gmail.com**ENG19CT0024 SHIVANSH
112767710202188423553**eng19cs0368.yashodha@gmail.com**ENG19CS0368- YASHODHA C R
107716094198741791146**eng19cs0117.harshithareddy@gmail.com**ENG19CS0117_ Harshitha Reddy
107385346911449697580**eng19ct0025.piyush@gmail.com**ENG19CT0025 PIYUSH
109712521898531194626**eng19ct0021.nandan@gmail.com**ENG19CT0021 NANDAN
110564966428412782583**eng19ct0005.anandsingh@gmail.com**ENG19CT0005 ANAND
106542936008668432375**neham972001@gmail.com**Neha M
110386823633875938423**eng19cs0116.harshithnm@gmail.com**ENG19CS0116 HARSHITH N M
100378376697928851569**harshvardhanspurohit3103@gmail.com**ENG19CS0118 Harshvardhan S Purohit
102183135117496276680**ayushdincre99@gmail.com**Ayush Kumar
108450455695905549139**eng19cs0271.sachin@gmail.com**ENG19CS0271 SACHIN
103019768485755813694**eng19cs0263.ronald@gmail.com**ENG19CS0263 RONALD
101909921691716463092**juvviarunsai3186@gmail.com**Juvvi Arun Sai-ENG19CS0132
112380194803180892013**eng19cs0111.harishb@gmail.com**ENG19CS0111_HARISH B
111644291759689026287**jinusmart.js@gmail.com**ENG19CS0129 Jinendra Rathod
104416789652657801425**eng19cs0253.ravikumark@gmail.com**ENG19CS0253 Ravikumar K
104905050717660592494**eng19cs0252.ravikeerthishetty@gmail.com**ENG19CS0252 Ravikeerthi shetty
116901751120802191584**thiyagarajannarmatha@gmail.com**Narmatha Thiyagarajan
106036918784546843523**mouryagowda6@gmail.com**Mourya B d
104455702537361543767**eng19cs0280sanchitkhatar@gmail.com**ENG19CS0280 sanchit.khatar
104684370677061973940**nsgagan2001@gmail.com**Gagan N S
106573522640108272600**igiroti1@gmail.com**Ishika Giroti
114515451189980516408**eng19ct0010.dharshank@gmail.com**ENG19CT0010. DHARSHAN K
109122798353316485985**eng19cs0063.bharatha@gmail.com**ENG19CS0063_ Bharath A
105947620304754626373**eng19cs0270.sabeehatabassum@gmail.com**ENG19CS0270 Sabeeha Tabassum
107678343723623109137**subbu200155@gmail.com**subba Reddy
110359931760647358126**prashasthikanchan2812@gmail.com**Prashasthi Kanchan
117402355386299221655**pavanb0308@gmail.com**Pavan B
101944785210142772429**eng19cs0296.shishiras@gmail.com**ENG19CS0296 SHISHIRA S
108059931888783388505**eng19cs0261.rohitjhade@gmail.com**ENG19CS0261 Rohit Jhade
109626913065622530956**jeevanadas@gmail.com**Jeevan Kumar A Das
112720525947158706558**eng19cs0273.sagarmetri@gmail.com**ENG19CS0273 Sagar Metri
102905898908211665888**eng19cs0073.chetanamehta@gmail.com**ENG19CS0073_ Chetan Mehta
117507695721341883819**surajbhadra18@gmail.com**Suraj Bhadra
102974045833877133931**eng19cs0329.swetha@gmail.com**ENG19CS0329 SWETHA G
103259034350276775911**eng19ct0023.noor@gmail.com**ENG19CT0023 NOOR
109155521918448641182**eng19cs0105.harshavardhangutha@gmail.com**ENG19CS0105_GUTHA HARSHA VARDHAN
107747840470872068922**eng19cs0076.chethanraos@gmail.com**ENG19CS0076_ Chethan rao S
106725931878761330038**eng19cs0267.sjaganath@gmail.com**ENG19CS0267 S.jaganath
105189285857857602782**eng19cs0100.gopalreddy@gmail.com**ENG19CS0100_Gopal Reddy K A
116638917122988050162**eng19cs0257ritikagm@gmail.com**ENG19CS0257 Ritika G M
115418409139635872957**eng19cs0093.gvsairam@gmail.com**ENG19CS0093 GV SAIRAM
105740401238501833844**nakshatradsu@gmail.com**Nakshatra Singh
