101953585312702509437**goyalharshal916@gmail.com**Harshal Goyal
108636500666987997414**eng19cs0163.madhusudhanreddyp@gmail.com**ENG19CS0163 Madhusudhan Reddy P
111066762892835384187**eng19cs0046.ashish@gmail.com**ENG19CS0046 ASHISH KANT
101756651577792567333**eng19cs0216.p.v.akhilreddy@gmail.com**ENG19CS0216 P.V. AKHIL REDDY
113237419106659821185**eng19cs0022.akshay@gmail.com**ENG19CS0022 AKSHAY R KUMAR
104411366926907377580**eng19cs0096.ganeshkarthik@gmail.com**ENG19CS0096_Ganesh Karthik
117078327723573549742**patilaniqaa@gmail.com**ANIQAA PATIL
109348905179084178449**eng19cs0165.malluvamsikrishna@gmail.com**ENG19CS0165 Mallu Vamsi Krishna Reddy
113188102379369682200**varshajyothi13@gmail.com**Varsha Premanand
102883904657346569565**eng19cs0077.chinmayamurthy@gmail.com**ENG19CS0077_CHINMAYA MURTHY
117038210986251039648**eng19cs0064.bkumarn12@gmail.com**ENG19CS0064 _Bharath Kumar N
115418409139635872957**eng19cs0093.gvsairam@gmail.com**ENG19CS0093 GV SAIRAM
109454038770856596552**eng19cs0095gagandeepk@gmail.com**ENG19CS0095_Gagandeep K
112921626771868332225**eng19cs0039.anushreemitra@gmail.com**ENG19CS0039 ANUSHREE MITRA
110788900213545606699**eng19cs0045.aryan@gmail.com**ENG19CS0045- ARYAN MENON
118155182349794470788**eng19cs0058.brajgoutam@gmail.com**ENG19CS0058_B RAJ GOUTAM
106177131954120778770**eng19cs0103.prudhvikrishna@gmail.com**ENG19CS0103 _PRUDHVI
109322026451530341628**eng19cs0181.ainanabbas@gmail.com**eng19cs0181 ainanabbas
113009403897431695902**haider.sharique4@gmail.com**Sharique Haider
