111722780361874891862**akashbagchi2710@gmail.com**Akash Bagchi
105409319292973138426**eng19ct0030.sadnanmohamed@gmail.com**ENG19CT0030 S ADNAN MOHAMED
109060022414000492652**eng19ct0011.gaurav@gmail.com**ENG19CT0011- GAURAV
108377962727954006474**eng19ct0032.samarth@gmail.com**ENG19CT0032- SAMARTH SHARMA
100908964558661013266**eng19cs0081.deekshareddy@gmail.com**ENG19CS0081_Deeksha J Reddy
109017122116790006017**eng19cs0115.harshita.chaurasia@gmail.com**ENG19CS0115_ Harshita Chaurasia
112751426335356621595**eng19cs0367.yashrajojha@gmail.com**ENG19CS0367 YASHRAJOJHA
111465557197309144944**eng19cs0114.harshalgoyal@gmail.com**ENG19CS0114 _Harshal Goyal
111372829396137475408**eng19cs0062belsareyashrahul@gmail.com**ENG19CS0062_Belsare Yash Rahul
115133914751198057299**pranjalpadak@gmail.com**M Pranjal Padakannaya
117863550242186311562**kushaltalikoti01@gmail.com**ENG19CS0151 KUSHAL A
109626913065622530956**jeevanadas@gmail.com**Jeevan Kumar A Das
100378376697928851569**harshvardhanspurohit3103@gmail.com**ENG19CS0118 Harshvardhan S Purohit
106752004400389391764**manjari1303@gmail.com**ENG19CS0169
113821873308162647805**keerthireddy2302@gmail.com**Keerthi Reddy
100408638922798188499**eng19cs0017.aishwaryagangyada@gmail.com**ENG19CS0017 AISHWARYA GANGYADA
103838664952791218166**mmkrupashree@gmail.com**ENG19CS0158 M M KRUPASHREE
104181447784063700133**eng19cs0055.ayushkumar@gmail.com**ENG19CS0055- Ayush Kumar
101666543511260233688**sindhu142000@gmail.com**SINDHU SRINIVAS
112164367088808885953**tanmaysharma231@gmail.com**Tanmay sharma
115718505223072554579**snavyasaimb@gmail.com**Snavya Sai M B
117078327723573549742**patilaniqaa@gmail.com**ANIQAA PATIL
110894802876970788398**rohit100jhade@gmail.com**Rohit Jhade
117719206936095801644**deekshajreddy@gmail.com**Deeksha Reddy
113188102379369682200**varshajyothi13@gmail.com**Varsha Premanand
112840132165646554488**eng19cs0332.taniagirish@gmail.com**ENG19CS0332 TANIA GIRISH
106354503103321093881**eng19ct0034.saumya@gmail.com**ENG19CT0034-SAUMYA ANAND
110901578676003678329**eng19cs0001.anu@gmail.com**ENG19CS0001- ANU MEENA
116901751120802191584**thiyagarajannarmatha@gmail.com**Narmatha Thiyagarajan
100672195621065438438**shambhavi1305@gmail.com**Shambhavi Chavan
112255069386091737716**rahulxsharma00@gmail.com**Rahul Sharma
112410938850627804453**eng19ct0036.shambhavi@gmail.com**ENG19CT0036 SHAMBHAVI
118083463225212873932**chethanrao5355@gmail.com**Chethan Rao
106383525931648250666**sanchithang0015@gmail.com**sanchitha ng
105999577811260729827**shahidali19811@gmail.com**Shahid Ali
115692874940354085317**eng19cs0348.vainavimdavasam@gmail.com**ENG19CS0348 VAINAVI M DAVASAM
116176779868931709742**akshaya.nadathur@gmail.com**Akshaya Nadathur
105988128640202318755**mishraashu0501@gmail.com**Ashutosh Mishra
108223163237807499799**sridharsri789tej@gmail.com**ENG19CS0213 Sridhar
110655054309807443470**eng19cs0235.priyankatchavan@gmail.com**ENG19CS0235 PRIYANKA T CHAVAN
101944785210142772429**eng19cs0296.shishiras@gmail.com**ENG19CS0296 SHISHIRA S
118043073237135725528**poonianoor31@gmail.com**Noor Poonia
103019768485755813694**eng19cs0263.ronald@gmail.com**ENG19CS0263 RONALD
116110368595231818272**eng19cs0284.sankalpkumar@gmail.com**ENG19CS0284 Sankalp Kumar
104647005424857734378**pavitra.ankesh@gmail.com**Pavitra Ankesh
103280029436964911492**eng19cs0074.chethan@gmail.com**ENG19CS0074_ Chethan
117402355386299221655**pavanb0308@gmail.com**Pavan B
116335129637226818757**eng19cs0295.shefaligupta@gmail.com**ENG19CS0295 Shefali Gupta
