110640545952985687217**darshan.r.cse20@gmail.com**ENG20CS0083 DARSHAN R
109311599625530562044**thirumaleshkeshav432@gmail.com**Thirumalesh Keshav
105660717845470647749**sarusarvotham74@gmail.com**Sarvotham Saru
106980478825132102376**harshithmmallikarjun@gmail.com**ENG20CS0111 HARSHITH M
115090701739690128114**themasonu888@gmail.com**Sahana B
114117663534558360305**monnishsayireddy@gmail.com**ENG20CS0251.monnishsayireddy
107868908022482050889**shivendu.613@gmail.com**Shivendu Singh
101839268825764287753**halaswamym19r@gmail.com**Halaswamy M R ENG20AM0026
109995840779868215533**poojavkumar2002@gmail.com**ENG20CS0253 Pooja v kumar
110159558621135826609**rajrupesh150@gmail.com**Rupesh Raj
106099267972412973406**jasraj.bisu@gmail.com**Jasraj Singh
101915598278531098755**bhoomika2729@gmail.com**Bhoomika T Bhoomika T
105345791192883163198**indrarajesh776@gmail.com**ENG20ME0007_ ÎÑDRÂ
117424869838592152285**gaganamallesh2002@gmail.com**ENG20DS0016_Gagana Malleshachari
114490774210003174000**prajwaludapudi0@gmail.com**ENG20CY0027 Prajwal Udapudi
101952088521274723540**pulkitsingh.cse20@gmail.com**Pulkit Singh
113628703177859177670**kavyasudhacse20@gmail.com**Kavya sudha
